{"cameraMode":{"drawMode":0,"name":"Shaded","section":"Shading Mode"},"sceneLighting":true,"audioPlay":false,"sceneViewState":{"m_AlwaysRefresh":false,"showFog":true,"showSkybox":true,"showFlares":true,"showImageEffects":true,"showParticleSystems":true,"showVisualEffectGraphs":true,"m_FxEnabled":false},"in2DMode":false,"pivot":{"x":-1.4967588186264039,"y":0.749423623085022,"z":1.3566303253173829},"rotation":{"x":-0.05638948082923889,"y":-0.9400368332862854,"z":0.19183692336082459,"w":-0.2763196527957916},"size":1.3323636054992676,"orthographic":false}