{"cameraMode":{"drawMode":0,"name":"Shaded","section":"Shading Mode"},"sceneLighting":true,"audioPlay":false,"sceneViewState":{"m_AlwaysRefresh":false,"showFog":true,"showSkybox":true,"showFlares":true,"showImageEffects":true,"showParticleSystems":true,"showVisualEffectGraphs":true,"m_FxEnabled":false},"in2DMode":false,"pivot":{"x":-0.13074851036071778,"y":0.23651143908500672,"z":0.15699101984500886},"rotation":{"x":0.004897215869277716,"y":0.6344717741012573,"z":-0.0039804792031645779,"w":0.7729684710502625},"size":0.24570094048976899,"orthographic":false}