{"cameraMode":{"drawMode":0,"name":"Shaded","section":"Shading Mode"},"sceneLighting":true,"audioPlay":false,"sceneViewState":{"m_AlwaysRefresh":false,"showFog":true,"showSkybox":true,"showFlares":true,"showImageEffects":true,"showParticleSystems":true,"showVisualEffectGraphs":true,"m_FxEnabled":false},"in2DMode":false,"pivot":{"x":0.7747266292572022,"y":0.05692571401596069,"z":1.45531165599823},"rotation":{"x":0.17172178626060487,"y":-0.05138913542032242,"z":0.008991084061563015,"w":0.9837941527366638},"size":0.8201444149017334,"orthographic":false}