{"cameraMode":{"drawMode":0,"name":"Shaded","section":"Shading Mode"},"sceneLighting":true,"audioPlay":false,"sceneViewState":{"m_AlwaysRefresh":false,"showFog":true,"showSkybox":true,"showFlares":true,"showImageEffects":true,"showParticleSystems":true,"showVisualEffectGraphs":true,"m_FxEnabled":false},"in2DMode":false,"pivot":{"x":-0.21397501230239869,"y":-0.09038355946540833,"z":-0.35007554292678835},"rotation":{"x":0.09146950393915177,"y":0.8260301947593689,"z":-0.14034710824489594,"w":0.5382215976715088},"size":0.3481989800930023,"orthographic":false}